Date,Close_S,Open_S,High_S,Low_S,Open_B,High_B,Low_B,Close_B
2022-11-29,3957.63,3964.19,3976.77,3937.65,16217.6399037709,16522.2574706655,16139.3962752471,16444.9832700291
2022-11-30,4080.11,3957.18,4080.11,3938.58,16445.4774885523,17190.9382730078,16445.4774885523,17168.5655484864
2022-12-01,4076.57,4087.14,4100.51,4050.87,17168.0021376253,17197.4972534447,16888.3878876144,16967.1336671008
2022-12-02,4071.7,4040.17,4080.48,4026.63,16968.6832614793,17088.6604094023,16877.8815958777,17088.6604094023
2022-12-05,3998.84,4052.02,4052.45,3984.49,17128.8940804496,17378.1533102833,16922.4318687598,16974.8256651336
2022-12-06,3941.26,3996.63,4001.51,3918.39,16975.239124186,17091.8641751072,16939.9223489269,17089.5037060098
2022-12-07,3933.92,3933.28,3957.57,3922.68,17089.5062701866,17109.3774938957,16750.5581344286,16848.1276289005
2022-12-08,3963.51,3947.79,3974.19,3935.83,16847.350249704,17267.9157630195,16788.7838235415,17233.4740199151
2022-12-09,3934.38,3954.17,3977.02,3933.04,17232.14800263,17280.5461649486,17100.8362497541,17133.1520141413
2022-12-12,3990.56,3939.29,3990.71,3935.3,17102.5006494509,17212.563876631,16899.3937850102,17206.4383006718
2022-12-13,4019.65,4069.38,4100.96,3993.03,17206.4404839219,17930.0868389008,17111.7631524623,17781.3188354598
2022-12-14,3995.32,4015.54,4053.76,3965.65,17782.0668780371,18318.530584361,17652.0983126836,17652.0983126836
2022-12-15,3895.75,3958.37,3958.37,3879.45,17813.6441227018,17846.744460573,17322.5900671217,17364.8649112629
2022-12-16,3852.36,3890.91,3890.91,3827.91,17364.5464432688,17505.5250524957,16584.7013982805,16647.4834788286
2022-12-19,3817.66,3853.79,3854.86,3800.04,16759.0409268239,16807.5265740651,16398.1362516753,16439.679646163
2022-12-20,3821.62,3810.47,3838.24,3795.62,16441.7868000999,17012.9847052964,16427.8672387638,16906.3052104215
2022-12-21,3878.44,3839.49,3889.82,3839.49,16904.5273540499,16916.7998823679,16755.912213186,16817.534386551
2022-12-22,3822.39,3853.26,3853.26,3764.49,16818.3802876537,16866.6743267635,16592.4074544474,16830.3414239344
2022-12-23,3844.82,3815.11,3845.8,3797.01,16829.6435860359,16905.2193599891,16794.4593522212,16796.9521712163
2022-12-27,3829.25,3843.34,3846.65,3813.22,16919.2916501236,16959.8464760475,16642.073182208,16717.1739801271
2022-12-28,3783.22,3829.56,3848.32,3780.78,16716.4002205682,16768.1703555248,16497.5570388408,16552.5717365145
2022-12-29,3849.28,3805.45,3858.19,3805.45,16552.3224906863,16651.7566638037,16508.6831532318,16642.3426718856
2022-12-30,3839.5,3829.06,3839.85,3800.34,16641.3298242645,16643.4274095726,16408.4751768261,16602.5851557701
2023-01-03,3824.14,3853.29,3878.46,3794.33,16688.8472638592,16760.4474659846,16622.3703282563,16679.8570798137
2023-01-04,3852.97,3840.36,3873.16,3815.77,16680.2049714198,16964.5851854634,16667.7637251347,16863.2382582833
2023-01-05,3808.1,3839.74,3839.74,3802.42,16863.4720568268,16884.0221164772,16790.2830406922,16836.7366452236
2023-01-06,3895.08,3823.37,3906.19,3809.56,16836.4734391553,16991.9941211705,16716.4222705217,16951.9695166293
2023-01-09,3892.09,3910.82,3950.57,3890.42,17093.9924981225,17389.9575514263,17093.9924981225,17196.5540596395
2023-01-10,3919.25,3888.57,3919.83,3877.29,17192.9500944457,17484.7208924046,17162.991166987,17446.292509299
2023-01-11,3969.61,3932.35,3970.07,3928.54,17446.3602720665,17987.6335493591,17337.9949977618,17943.8976294683
2023-01-12,3983.17,3977.57,3997.76,3937.56,17944.0687339418,19030.0876366382,17919.2317058357,18869.5880552656
2023-01-13,3999.09,3960.6,4003.95,3947.67,18868.9059378421,19964.3227279643,18753.1642622097,19909.5746247506
2023-01-17,3990.97,3999.28,4015.39,3984.57,21175.8332602034,21438.6593578573,20978.5336242013,21161.5192199162
2023-01-18,3928.86,4002.25,4014.16,3926.59,21161.0508997004,21564.5022129631,20541.544548774,20688.7807298648
2023-01-19,3898.85,3911.84,3922.94,3885.54,20686.7459060612,21163.0122882271,20685.3811808606,21086.7933048443
2023-01-20,3972.61,3909.04,3972.96,3897.86,21085.3723377742,22692.3578308247,20919.1259836821,22676.5517588881
2023-01-23,4019.81,3978.14,4039.31,3971.64,22721.0886719506,23126.4863454372,22654.3044696935,22934.4314643586
2023-01-24,4016.95,4001.74,4023.92,3989.79,22929.6277356711,23134.0120466001,22549.744513105,22636.4693111916
2023-01-25,4016.22,3982.71,4019.55,3949.06,22639.2671675238,23722.0988087405,22406.0755024251,23117.8596819048
2023-01-26,4060.43,4036.08,4061.57,4013.29,23108.9544867974,23237.0771689385,22911.3733512336,23032.7775987084
2023-01-27,4070.56,4053.72,4094.21,4048.7,23030.7172856477,23417.7209724548,22654.5934084354,23078.7278799123
2023-01-30,4017.77,4049.27,4063.85,4015.55,23774.6489666425,23789.3471776992,22657.5821676256,22840.13890738
2023-01-31,4076.6,4020.85,4077.16,4020.44,22840.7960906001,23225.0214038861,22765.5684994408,23139.2839099123
2023-02-01,4119.21,4070.07,4148.95,4037.2,23137.8351361505,23764.5392941707,22877.7506525544,23723.7696534847
2023-02-02,4179.76,4158.68,4195.44,4141.88,23720.8235172754,24167.210232202,23468.5952825572,23471.8704412794
2023-02-03,4136.48,4136.69,4182.36,4123.36,23469.41250714,23678.1025764755,23279.9557414819,23449.3216215066
2023-02-06,4111.08,4119.57,4124.63,4093.38,22954.0219641729,23119.2799503201,22692.0259840498,22760.1092633004
2023-02-07,4164.0,4105.35,4176.54,4088.39,22757.2675418795,23310.975071817,22756.2582769853,23264.2911876916
2023-02-08,4117.86,4153.47,4156.85,4111.67,23263.4151260445,23367.9592874059,22731.098213301,22939.3987006841
2023-02-09,4081.5,4144.25,4156.23,4069.67,22946.5655186068,22996.4375107837,21773.9746140573,21819.0399147365
2023-02-10,4090.46,4068.92,4094.36,4060.79,21819.0064204049,21941.185603317,21539.3928305144,21651.1837829361
2023-02-13,4137.29,4096.62,4138.9,4092.67,21786.9992632743,21898.4138396757,21460.0885038644,21808.1017736009
2023-02-14,4136.13,4126.7,4159.77,4095.01,21801.8231464442,22293.1400934501,21632.3939838592,22220.8041436975
2023-02-15,4147.6,4119.5,4148.11,4103.98,22220.5853384745,24307.8413284844,22082.7690807679,24307.8413284844
2023-02-16,4090.41,4114.75,4136.54,4089.49,24307.3501977993,25134.1173501961,23602.522501391,23623.4744808063
2023-02-17,4079.09,4077.39,4081.51,4047.95,23621.2824942638,24924.0400603084,23460.7560266313,24565.6019889467
2023-02-21,3997.34,4052.35,4052.35,3995.19,24833.0489142974,25126.851685722,24200.3641163385,24436.354484576
2023-02-22,3991.05,4001.83,4017.37,3976.9,24437.4184799228,24472.3397572186,23644.3177157894,24188.8429766943
2023-02-23,4012.32,4018.6,4028.3,3969.19,24190.7189835462,24572.0894214544,23693.9194852587,23947.492523176
2023-02-24,3970.04,3973.24,3978.25,3943.08,23946.0078636716,24103.7044834567,23007.071326645,23198.1274878832
2023-02-27,3982.24,3992.36,4018.05,3973.55,23561.4506815245,23857.8911252628,23205.8792453501,23522.871914506
2023-02-28,3970.15,3977.19,3997.5,3968.98,23521.8388223949,23585.3840695392,23077.6503704068,23147.3533899085
2023-03-01,3951.39,3963.34,3971.73,3939.05,23150.9299581785,23880.6324628676,23088.6266999013,23646.549899145
2023-03-02,3981.35,3938.68,3990.84,3928.16,23647.0194731298,23739.1380767792,23245.0214332402,23475.4667376623
2023-03-03,4045.64,3998.02,4048.29,3995.17,23476.6337312584,23479.3480937656,22213.2375937663,22362.6793319333
2023-03-06,4048.42,4055.15,4078.49,4044.61,22436.8167758974,22584.2938087023,22331.3148283697,22429.7575333463
2023-03-07,3986.37,4048.26,4050.0,3980.31,22428.3223896888,22527.4186416807,22011.2624966569,22219.7690709418
2023-03-08,3992.01,3987.55,4000.41,3969.76,22216.4423211022,22268.8962521879,21708.0505060405,21718.0798304321
2023-03-09,3918.32,3998.66,4017.81,3908.7,21720.0793175611,21802.7166811718,20210.3067467507,20363.0211117254
2023-03-10,3861.59,3912.77,3934.05,3846.32,20367.0017771358,20370.595398116,19628.2543094205,20187.2436476163
2023-03-13,3855.76,3835.12,3905.05,3808.86,22156.4066753221,24550.8374857613,21918.19993089,24197.5329977753
2023-03-14,3919.29,3894.01,3937.29,3873.63,24201.7660061459,26514.7171655285,24081.1826516623,24746.0746588477
2023-03-15,3891.93,3876.74,3894.26,3838.24,24770.925668703,25240.6158183485,23964.909846877,24375.9613578312
2023-03-16,3960.28,3878.93,3964.46,3864.11,24373.4566170173,25190.3269844926,24225.1109586283,25052.789721748
2023-03-17,3916.64,3958.69,3958.91,3901.27,25055.12321927,27787.8122252255,24955.1690552856,27423.9306340492
2023-03-20,3951.57,3917.47,3956.62,3916.89,28041.6019174942,28527.7242227414,27242.8807029191,27767.2363318262
2023-03-21,4002.87,3975.89,4009.08,3971.19,27768.3920318154,28439.5615887102,27439.6470941503,28175.8168354249
2023-03-22,3936.97,4002.04,4039.49,3936.17,28158.7199918061,28803.3359206694,26759.9962331222,27307.4367684133
2023-03-23,3948.72,3959.21,4007.66,3919.05,27301.9574943549,28729.8434696783,27183.3637407073,28333.9727113788
2023-03-24,3970.99,3939.21,3972.74,3909.16,28324.1116952049,28388.4377455639,27039.2654315026,27493.2851436235
2023-03-27,3977.53,3982.93,4003.83,3970.49,27994.0679232525,28037.9258606414,26606.6890011395,27139.8885305221
2023-03-28,3971.27,3974.13,3979.2,3951.53,27132.8889214451,27460.7194594252,26677.8187281128,27268.1314829145
2023-03-29,4027.81,3999.53,4030.59,3999.53,27267.0321746002,28619.5433888008,27259.6611804101,28348.442342812
2023-03-30,4050.83,4046.74,4057.85,4032.1,28350.141491188,29159.9026178662,27720.1593376162,28033.5631503957
2023-03-31,4109.31,4056.18,4110.75,4056.18,28032.2622677886,28639.8960837575,27583.7152600683,28478.4846056804
2023-04-03,4124.51,4102.2,4127.66,4098.79,28183.0803582438,28475.6225074989,27276.7199488097,27790.2208547736
2023-04-04,4100.6,4128.03,4133.13,4086.87,27795.2743239989,28433.7429759972,27681.3050566141,28168.0898164027
2023-04-05,4090.38,4094.5,4099.69,4072.56,28169.726952854,28739.2381106536,27843.7644954278,28177.9835569508
2023-04-06,4105.02,4081.15,4107.32,4069.84,28175.2270773749,28178.3843123757,27738.759361406,28044.1397549441
2023-04-10,4109.11,4085.2,4109.5,4072.55,28336.0282374011,29771.46392891,28189.2707713694,29652.9800970841
2023-04-11,4108.94,4110.29,4124.26,4102.61,29653.679647446,30509.0836664564,29609.3013680349,30235.0589389553
2023-04-12,4091.95,4121.72,4134.37,4086.94,30231.5816232396,30462.480941487,29725.5733501584,30139.052871052
2023-04-13,4146.22,4100.04,4150.26,4099.4,29892.7394598771,30539.8464812825,29878.6221634081,30399.0663854918
2023-04-14,4137.64,4140.11,4163.19,4113.2,30409.5616914944,31005.6080444729,30044.497509619,30485.7000292553
2023-04-17,4151.32,4137.17,4151.72,4123.18,30317.1456974152,30319.1965766039,29275.3710576336,29445.0449049628
2023-04-18,4154.87,4164.26,4169.48,4140.36,29449.0917046267,30470.3020147381,29154.8493708622,30397.5527355226
2023-04-19,4154.52,4139.33,4162.57,4134.49,30394.1879043593,30411.0537908765,28669.8982681516,28822.6804729009
2023-04-20,4129.79,4130.48,4148.57,4114.57,28823.6828624372,29076.4010485199,28037.2572572235,28245.9873104934
2023-04-21,4133.52,4132.14,4138.02,4113.86,28249.2312707237,28349.9678577085,27177.3652995742,27276.9096875756
2023-04-24,4137.04,4132.07,4142.41,4117.77,27591.7295218905,27979.9819006629,27070.8494995525,27525.3394995911
2023-04-25,4071.63,4126.43,4126.43,4071.38,27514.8723912188,28371.0776961978,27207.9325567409,28307.5980906654
2023-04-26,4055.99,4087.78,4089.67,4049.35,28300.0592743853,29995.8384911174,27324.5490065239,28422.7008784923
2023-04-27,4135.35,4075.29,4138.24,4075.29,28428.4642786789,29871.5463516429,28402.8873866517,29473.7861836728
2023-04-28,4169.48,4129.63,4170.06,4127.18,29481.0135350274,29572.7916927929,28929.6085418823,29340.262498158
2023-05-01,4167.87,4166.79,4186.92,4164.12,29227.1039819099,29329.9362211056,27680.7926396911,28091.5688038924
2023-05-02,4119.58,4164.1,4164.1,4089.72,28087.174969792,28881.2983804636,27924.1236749807,28680.5369679129
2023-05-03,4090.75,4122.25,4148.3,4088.86,28680.494409625,29259.5332879995,28178.3892452007,29006.3076709086
2023-05-04,4061.22,4082.55,4082.61,4048.28,29031.3044477545,29353.1846595615,28694.0390246895,28847.7115906552
2023-05-05,4136.25,4084.73,4147.02,4084.73,28851.4796617854,29668.9076771209,28845.5105337151,29534.384019705
2023-05-08,4138.12,4136.98,4142.3,4123.81,28450.4574779637,28663.2723318452,27310.1356123737,27694.2728962731
2023-05-09,4119.17,4124.25,4130.35,4116.65,27695.0680692549,27821.4006063564,27375.6006902588,27658.774672519
2023-05-10,4137.64,4143.74,4154.28,4098.92,27654.6367765788,28322.6883278863,26883.6698825657,27621.7562273313
2023-05-11,4130.62,4132.24,4132.8,4109.29,27621.0868718167,27621.9419861764,26781.8270021461,27000.7882707338
2023-05-12,4124.08,4138.54,4143.74,4099.12,26987.6625136386,27055.6472281282,25878.428829536,26804.9906706878
2023-05-15,4136.28,4126.65,4141.25,4110.27,26931.3846319054,27646.3481186699,26766.0969160443,27192.6932211649
2023-05-16,4109.9,4127.95,4135.54,4109.86,27171.5145793968,27299.3048116412,26878.9479718172,27036.650709944
2023-05-17,4158.77,4122.85,4164.67,4113.62,27035.4701297138,27465.9279042946,26600.144844308,27398.8020279652
2023-05-18,4198.05,4157.68,4202.2,4153.5,27401.650207989,27466.5275901847,26415.1014830457,26832.209300486
2023-05-19,4191.98,4204.15,4212.91,4180.2,26826.7547863893,27128.6188432596,26700.2101422999,26890.1282424083
2023-05-22,4192.63,4190.78,4209.22,4179.68,26749.8932054031,27045.7350857875,26549.7347924388,26851.2776278913
2023-05-23,4145.58,4176.8,4185.68,4142.54,26855.9606820402,27434.6843282044,26816.1797181209,27225.7265906348
2023-05-24,4115.24,4132.96,4132.96,4103.98,27224.6037024623,27224.6037024623,26106.576623118,26334.8182144365
2023-05-25,4151.28,4155.71,4165.74,4129.73,26329.4615125873,26591.5191830944,25890.5944753459,26476.2075319731
2023-05-26,4205.45,4156.16,4212.87,4156.16,26474.1824692754,26916.669912854,26343.9491574985,26719.2909846173
2023-05-30,4205.52,4226.71,4231.1,4192.18,27745.1236032612,28044.7597979826,27588.5027657556,27702.3487747796
2023-05-31,4179.83,4190.74,4195.44,4166.15,27700.5300887118,27831.6778037086,26866.4539444005,27219.6586081109
2023-06-01,4221.02,4183.03,4232.43,4171.64,27218.4123755644,27346.1054831365,26671.7211558408,26819.9732197077
2023-06-02,4282.37,4241.01,4290.67,4241.01,26824.5569811195,27303.8616872678,26574.6444212308,27249.5889490884
2023-06-05,4273.79,4282.99,4299.28,4266.82,27123.1099638092,27129.9825837683,25445.1675071202,25760.0969995361
2023-06-06,4283.85,4271.34,4288.33,4263.09,25732.1088628453,27313.8206824171,25434.8671315473,27238.7837262174
2023-06-07,4267.52,4285.47,4299.19,4263.96,27235.6495184016,27332.1809565185,26146.9888682086,26345.9988512669
2023-06-08,4293.93,4268.69,4298.01,4261.07,26347.6534538868,26797.5127867183,26246.6637562363,26508.2159021565
2023-06-09,4298.86,4304.88,4322.62,4291.7,26505.9240082429,26770.2891173356,26339.3152211506,26480.3750935951
2023-06-12,4338.93,4308.32,4340.13,4304.37,25934.2855973595,26087.9190731862,25675.1975943677,25902.499869783
2023-06-13,4369.01,4352.61,4375.37,4349.31,25902.9409098622,26376.3520693234,25728.3655675085,25918.7284012682
2023-06-14,4372.59,4366.29,4391.82,4337.85,25920.2580891397,26041.8001094749,24902.1527012158,25124.6766798408
2023-06-15,4425.84,4365.33,4439.2,4362.6,25121.673946192,25735.3085416373,24797.1678486154,25576.3940082636
2023-06-16,4409.59,4440.95,4448.47,4407.44,25575.2825953687,26463.1730645529,25245.3576831118,26327.4623942173
2023-06-20,4388.71,4396.11,4400.15,4367.19,26841.6635300996,28388.9684174993,26668.7916991755,28327.4882643282
2023-06-21,4365.69,4380.01,4386.22,4360.14,28311.3109603566,30737.3292235892,28283.4107788348,30027.296453501
2023-06-22,4381.89,4355.4,4382.25,4351.82,29995.9357665997,30495.9984471372,29679.1574022677,29912.281714768
2023-06-23,4348.33,4354.17,4366.55,4341.34,29896.3834240396,31389.5381281357,29845.2145052038,30695.4694074896
2023-06-26,4328.82,4344.84,4362.06,4328.08,30480.523973069,30636.0294295733,29955.7432937325,30271.1310167397
2023-06-27,4378.41,4337.36,4384.42,4335.0,30274.3211879661,31006.7865769744,30236.6512938044,30688.163854246
2023-06-28,4376.86,4367.48,4390.35,4360.22,30696.5614868419,30703.2799763247,29921.8228325599,30086.2461885249
2023-06-29,4396.44,4374.94,4398.39,4371.97,30086.1867174231,30796.2502396517,30057.2030203001,30445.3512260882
2023-06-30,4450.38,4422.44,4458.48,4422.44,30441.3537591761,31256.8626995544,29600.2759394191,30477.2512822446
2023-07-03,4455.59,4450.48,4456.46,4442.29,30624.5163112716,31375.6132520015,30586.5134333907,31156.4394915754
2023-07-05,4446.82,4442.04,4454.06,4436.61,30778.7253627454,30877.3292510437,30225.612698539,30514.16639282
2023-07-06,4411.59,4422.62,4422.62,4385.05,30507.1511109433,31460.053612688,29892.2260315633,29909.3377611007
2023-07-07,4398.95,4404.54,4440.39,4397.4,29907.9989024233,30434.6436943597,29777.2844100844,30342.2647520959
2023-07-10,4409.53,4394.23,4412.6,4389.92,30172.4229553721,31026.0837999654,29985.3947006345,30414.4715205927
2023-07-11,4439.26,4415.55,4443.64,4408.46,30417.6336240204,30788.3146195758,30358.0977422072,30620.9509380041
2023-07-12,4472.16,4467.69,4488.34,4463.23,30622.2469455637,30959.9655594585,30228.8352203163,30391.6461439343
2023-07-13,4510.04,4491.5,4517.38,4489.36,30387.4891966463,31814.5148120678,30268.3524866199,31476.0493854442
2023-07-14,4505.42,4514.61,4527.76,4499.56,31474.7213636247,31582.2548272377,29966.3871365008,30334.0690076907
2023-07-17,4522.79,4508.86,4532.85,4504.9,30249.626617143,30336.4001335,29685.7826866555,30145.8896255087
2023-07-18,4554.98,4521.78,4562.3,4514.59,30147.0708614209,30233.6553490189,29556.428372971,29856.5632231206
2023-07-19,4565.72,4563.87,4578.43,4557.48,29862.04720795,30184.1811513168,29794.2688631325,29913.9231998543
2023-07-20,4534.87,4554.38,4564.74,4527.56,29915.2503258654,30195.5310367275,29638.096674876,29792.0163780508
2023-07-21,4536.34,4550.16,4555.0,4535.79,29805.1115304935,30045.9975126413,29733.8509994208,29908.743898772
2023-07-24,4554.64,4543.39,4563.41,4541.29,30081.6616445789,30093.3942473004,28934.2941602457,29176.9154848326
2023-07-25,4567.46,4555.19,4580.62,4552.42,29178.9700445921,29353.161104588,29062.4342931064,29227.390799952
2023-07-26,4566.75,4558.96,4582.47,4547.58,29225.7601153369,29675.5526173996,29113.9113235798,29354.9728831488
2023-07-27,4537.41,4598.26,4607.07,4528.56,29353.7988292154,29560.9662619931,29099.3522511329,29210.6892773374
2023-07-28,4582.23,4565.75,4590.16,4564.01,29212.1643024276,29521.5143305549,29125.8455921496,29319.2454030349
2023-07-31,4588.96,4584.82,4594.22,4573.14,29278.3140543721,29489.8728687203,29131.5790337733,29230.110878649
2023-08-01,4576.73,4578.83,4584.62,4567.53,29230.8724049903,29675.7324980608,28657.0238197426,29675.7324980608
2023-08-02,4513.39,4550.93,4550.93,4505.75,29704.1468382002,29987.9971121967,28946.51037823,29151.9596891331
2023-08-03,4501.89,4494.27,4519.49,4485.54,29161.8119457041,29375.7070279614,28959.4882089026,29178.678779687
2023-08-04,4478.03,4513.96,4540.34,4474.55,29174.3818369773,29302.0782223191,28885.335399401,29074.0917277723
2023-08-07,4518.44,4491.58,4519.84,4491.15,29038.5128459431,29244.2808643985,28724.1405310678,29180.5789215225
2023-08-08,4499.38,4498.03,4503.31,4464.39,29180.0188620852,30176.7962374838,29113.8144640675,29765.4926735622
2023-08-09,4467.71,4501.57,4502.44,4461.33,29766.695595898,30093.4351892124,29376.8005464538,29561.4945073243
2023-08-10,4468.83,4487.16,4527.37,4457.92,29563.9718365603,29688.5648164715,29354.4464357924,29429.5924885661
2023-08-11,4464.05,4450.69,4476.23,4443.98,29424.902574843,29517.7736682695,29253.5179877987,29397.7154970071
2023-08-14,4489.72,4458.13,4490.33,4453.44,29283.262942771,29660.2543392724,29124.1055472393,29408.4425504032
2023-08-15,4437.86,4478.87,4478.87,4432.19,29408.048589907,29439.1204218858,29088.8532768829,29170.3472059942
2023-08-16,4404.33,4433.79,4449.95,4403.55,29169.0740199163,29221.9757429755,28701.7795245305,28701.7795245305
2023-08-17,4370.36,4416.32,4421.17,4364.83,28699.8028396574,28745.9465251714,25409.1116027686,26664.5499931202
2023-08-18,4369.71,4344.88,4381.82,4335.31,26636.0784021093,26808.1957847269,25668.9228168459,26049.5569008807
2023-08-21,4399.77,4380.28,4407.55,4360.3,26188.6906508187,26220.2016841533,25846.0879702768,26124.141253131
2023-08-22,4387.55,4415.33,4418.59,4382.77,26130.7480160416,26135.5082032906,25520.728490709,26031.6564794482
2023-08-23,4436.01,4396.44,4443.18,4396.44,26040.473651602,26786.8976054909,25804.9981865296,26431.6399826996
2023-08-24,4376.31,4455.16,4458.3,4375.55,26431.5198924678,26554.9098173772,25914.9255589463,26162.3724949505
2023-08-25,4405.71,4389.38,4418.46,4356.29,26163.6800536736,26248.1034276033,25786.8124616266,26047.6688510481
2023-08-28,4433.31,4426.03,4439.56,4414.98,26089.6149228858,26198.5790644484,25880.6002488905,26106.1500439649
2023-08-29,4497.63,4432.75,4500.14,4431.68,26102.4858320026,28089.3380271543,25912.6289086749,27727.3930090424
2023-08-30,4514.87,4500.34,4521.65,4493.59,27726.0840340273,27760.1593966037,27069.2074245836,27297.2653483206
2023-08-31,4507.66,4517.01,4532.26,4507.39,27301.9293168046,27456.0790013622,25752.9299469294,25931.4728933574
2023-09-01,4515.77,4530.6,4541.25,4501.35,25934.0208061586,26125.8697737206,25362.6091281569,25800.7243726077
2023-09-05,4496.83,4510.06,4514.29,4496.01,25814.9578079891,25858.3743125201,25589.9885855439,25779.9817949848
2023-09-06,4465.48,4490.35,4490.35,4442.38,25783.930744879,25953.015656649,25404.3596799132,25753.2362583108
2023-09-07,4451.14,4434.55,4457.81,4430.46,25748.3120094302,26409.3030110922,25608.201595679,26240.19489212
2023-09-08,4457.49,4451.3,4473.53,4448.38,26245.2082080784,26414.005974773,25677.4795806905,25905.6537515133
2023-09-11,4487.46,4480.98,4490.77,4467.89,25831.7155007322,25883.9470027172,24930.2974941684,25162.6552722476
2023-09-12,4461.9,4473.27,4487.11,4456.83,25160.6579251895,26451.9384975375,25133.0789086915,25833.3430604915
2023-09-13,4467.44,4462.65,4479.39,4453.52,25837.5549632929,26376.1134693933,25781.1237276336,26228.3240875137
2023-09-14,4505.1,4487.78,4511.99,4478.69,26228.2778603251,26774.6233565855,26171.4518522882,26539.6744424527
2023-09-15,4450.32,4497.98,4497.98,4447.21,26533.8188377296,26840.4979252215,26240.7006254309,26608.6933649124
2023-09-18,4453.53,4445.13,4466.36,4442.11,26532.9947937991,27414.734259256,26415.5158457515,26754.2810377253
2023-09-19,4443.95,4445.41,4449.85,4416.61,26760.8510057672,27488.7638021952,26681.6057746944,27211.1178197241
2023-09-20,4402.2,4452.81,4461.03,4401.38,27210.2284915397,27379.5060737309,26864.0823200663,27132.0073401285
2023-09-21,4330.0,4374.36,4375.7,4329.17,27129.8400209459,27152.9385802242,26389.3002858724,26567.6329044034
2023-09-22,4320.06,4341.74,4357.4,4316.49,26564.0561677608,26726.0780348598,26495.5324127361,26579.5686371325
2023-09-25,4337.44,4310.62,4338.51,4302.7,26253.7752994376,26421.5083555994,26011.4696157754,26298.4795511748
2023-09-26,4273.53,4312.88,4313.01,4265.98,26294.7586727413,26389.8847847517,26090.7124028396,26217.2493357507
2023-09-27,4274.51,4282.63,4292.07,4238.63,26209.498349443,26817.8423152758,26111.4643819932,26352.7176189088
2023-09-28,4299.7,4269.65,4317.27,4264.38,26355.812394562,27259.4992234082,26327.3217124363,27021.5467647385
2023-09-29,4288.05,4328.18,4333.15,4274.86,27024.8417139356,27225.9384299173,26721.762796688,26911.7216027656
2023-10-02,4288.39,4284.52,4300.58,4260.21,27976.7991520291,28494.4596384314,27347.7875796333,27530.784889745
2023-10-03,4229.45,4269.75,4281.15,4216.45,27508.2518188075,27667.1920311533,27216.0013225348,27429.9790166632
2023-10-04,4263.75,4233.83,4268.5,4220.48,27429.074995009,27826.6579481943,27248.1062465564,27799.3940958796
2023-10-05,4258.19,4259.31,4267.13,4225.91,27798.6471269996,28091.8612370672,27375.6014238251,27415.9119821677
2023-10-06,4308.5,4234.79,4324.1,4219.55,27412.1224236917,28252.5375699066,27215.5524462077,27946.5967799289
2023-10-09,4335.66,4289.02,4341.73,4283.79,27934.4721623395,27989.4709019697,27302.5619189233,27583.6785949548
2023-10-10,4358.24,4339.75,4385.46,4339.64,27589.2011015988,27715.8483474204,27301.655078145,27391.0195174366
2023-10-11,4376.95,4366.59,4378.64,4345.34,27392.0755460815,27474.1161865287,26561.099365503,26873.3211207589
2023-10-12,4349.61,4380.94,4385.85,4325.43,26873.2924913908,26921.4389028815,26558.320783999,26756.7986388286
2023-10-13,4327.78,4360.49,4377.1,4311.97,26752.8795584136,27092.6967461244,26686.3223094419,26862.3754456225
2023-10-16,4373.63,4342.37,4383.33,4342.37,27162.6282288816,29448.1390371439,27130.4734781668,28519.466679449
2023-10-17,4373.2,4345.23,4393.57,4337.54,28522.0981659193,28618.7523898295,28110.186117224,28415.7481397071
2023-10-18,4314.6,4357.35,4364.2,4303.84,28413.5308076905,28889.0095891567,28174.2525509513,28328.3411519926
2023-10-19,4278.0,4321.36,4339.54,4269.69,28332.4153057225,28892.4736768208,28177.987543782,28719.8061329065
2023-10-20,4224.16,4273.85,4276.56,4223.03,28732.8115476298,30104.0856129743,28601.6701571248,29682.9492736036
2023-10-23,4217.04,4210.4,4255.84,4189.22,30140.6848629718,34370.4387694494,30097.8287422783,33086.2329685778
2023-10-24,4247.68,4235.79,4259.38,4219.43,33077.3039477251,35150.4334987547,32880.7617303701,33901.5265633635
2023-10-25,4186.77,4232.42,4232.42,4181.42,33916.0440547641,35133.7575692805,33709.1103099721,34502.8208915452
2023-10-26,4137.23,4175.99,4183.6,4127.9,34504.2874223132,34832.9085401984,33762.3232894547,34156.6498283887
2023-10-27,4117.37,4152.93,4156.7,4103.78,34156.5006862458,34238.2107710298,33416.8854859996,33909.7992843111
2023-10-30,4166.82,4139.39,4177.47,4132.94,34531.7413739892,34843.9354996506,34110.97396275,34502.3646632352
2023-10-31,4193.8,4171.33,4195.55,4153.12,34500.077738405,34719.2540492146,34083.3094592027,34667.7793605467
2023-11-01,4237.86,4201.27,4245.64,4197.74,34657.275324496,35527.9315607675,34170.6925900981,35437.2531810872
2023-11-02,4317.78,4268.26,4319.72,4268.26,35441.5773850879,35919.8436017766,34401.5749059473,34938.2423951435
2023-11-03,4358.34,4334.23,4373.62,4334.23,34942.474318143,34942.474318143,34133.4396153842,34732.3255842841
2023-11-06,4365.98,4364.27,4372.21,4347.53,35044.7899191289,35286.0268268344,34765.3648471006,35037.3694407199
2023-11-07,4378.38,4366.21,4386.26,4355.41,35047.7936330374,35892.4163695816,34545.8150953191,35443.5613607149
2023-11-08,4382.78,4384.37,4391.2,4359.76,35419.4767171176,35994.4165314881,35147.8008053808,35655.2760812313
2023-11-09,4347.35,4391.41,4393.4,4343.94,35633.6343938602,37926.2567969959,35592.1032519349,36693.1236338431
2023-11-10,4415.24,4364.15,4418.03,4353.34,36702.2518583303,37493.8013005562,36362.7552276005,37313.9696874571
2023-11-13,4411.55,4406.66,4421.76,4393.82,37070.3058713039,37405.1152995046,36399.6051113486,36502.3573373281
2023-11-14,4495.7,4458.97,4508.67,4458.97,36491.787577554,36753.3521876241,34948.5002761446,35537.6405155251
2023-11-15,4502.88,4505.3,4521.17,4495.31,35548.1127933703,37964.8928323147,35383.7809668933,37880.5831724307
2023-11-16,4508.24,4497.08,4511.99,4487.83,37879.9799370366,37934.625198059,35545.473342881,36154.7692413685
2023-11-17,4514.02,4509.55,4520.12,4499.66,36164.8236042335,36704.4828037394,35901.2355630271,36596.6819231214
2023-11-20,4547.38,4511.7,4557.11,4510.36,37374.0746847021,37756.8192892406,36882.5319812888,37476.9558592879
2023-11-21,4538.19,4538.77,4542.14,4525.51,37469.1597071434,37631.1396417926,35813.8113636295,35813.8113636295
2023-11-22,4556.62,4553.04,4568.43,4545.05,35756.5532577388,37856.9799117719,35670.9718775193,37432.3383067227
2023-11-24,4559.34,4555.84,4560.31,4552.8,37296.3168330161,38415.3381982376,37261.6060502206,37720.2811521398
2023-11-27,4550.43,4554.86,4560.52,4546.32,37454.1919552581,37559.3545503467,36750.127104535,37254.1688542494
2023-11-28,4554.89,4545.55,4568.14,4540.51,37247.9911748235,38368.4799548652,36891.0893619888,37831.08686845
2023-11-29,4550.58,4571.84,4587.64,4547.15,37826.105521743,38366.1129965833,37612.6316233579,37858.4940548249
2023-11-30,4567.8,4554.87,4569.89,4537.24,37861.1188827035,38141.753547202,37531.1416285477,37712.7477716325
2023-12-01,4594.63,4559.43,4599.39,4554.71,37718.0096264496,38954.1104267705,37629.3589120492,38688.7483611912
2023-12-04,4569.78,4564.37,4572.37,4546.72,39978.6286477951,42371.7494405891,39978.6286477951,41980.099479768
2023-12-05,4567.18,4557.25,4578.56,4551.68,41986.264347015,44408.6657350926,41421.1473852755,44080.6479510633
2023-12-06,4549.34,4586.23,4590.74,4546.5,44080.0242501869,44265.7704026223,43478.0813159423,43746.4453572592
2023-12-07,4585.59,4568.84,4590.92,4565.22,43769.1310742455,44042.5880240247,42880.650128739,43292.664239208
2023-12-08,4604.37,4576.2,4609.23,4574.06,43293.1349473961,44705.5150094178,43125.2951035043,44166.6006381823
2023-12-11,4622.44,4593.39,4623.71,4593.39,43792.0178583651,43808.3730556685,40234.5783345331,41243.833314624
2023-12-12,4643.7,4618.3,4643.93,4608.09,41238.7333899751,42048.3037818572,40667.5618509577,41450.2221904665
2023-12-13,4707.09,4646.2,4709.69,4643.23,41468.4658620962,43429.7806213337,40676.8681612393,42890.7407335901
2023-12-14,4719.55,4721.04,4738.57,4694.34,42884.262691725,43390.8603735018,41767.0905401243,43023.9719741933
2023-12-15,4719.19,4714.23,4725.53,4704.69,43028.2506905271,43087.823772867,41692.9680383251,41929.758392901
2023-12-18,4740.56,4725.58,4749.52,4725.58,41348.2020891569,42720.2971272287,40530.2585192877,42623.5383250276
2023-12-19,4768.37,4743.72,4768.69,4743.72,42641.5102132607,43354.2965965116,41826.3351516884,42270.526139511
2023-12-20,4698.35,4764.73,4778.01,4697.82,42261.3001386457,44275.5875124813,42223.81786147,43652.2486680177
2023-12-21,4746.75,4724.29,4748.71,4708.35,43648.1249306302,44240.6691278117,43330.0526463835,43869.1508569937
2023-12-22,4754.63,4753.92,4772.94,4736.77,43868.9864223563,44367.9557717841,43441.9679523025,43997.9014099549
2023-12-26,4774.75,4758.86,4784.72,4758.45,43599.8475904194,43603.1754416663,41676.4899684567,42520.4015112687
2023-12-27,4781.58,4773.45,4785.39,4768.9,42518.4685280916,43683.1598081313,42167.5834863898,43442.8545582321
2023-12-28,4783.35,4786.44,4793.3,4780.98,43468.1980626735,43804.7814175761,42318.5488619045,42627.8535313684
2023-12-29,4769.83,4782.88,4788.43,4751.99,42614.6438924239,43124.3258597128,41424.0606411494,42099.40280858
2024-01-02,4742.83,4745.2,4754.33,4722.67,44187.1390394876,45899.7063545898,44176.9504427245,44957.9700541418
